JGI_project_code,treatment,host,AA,AA1,AA1_1,AA1_2,AA1_dist,AA2,AA2_dist,AA3,AA3_1,AA3_2,AA3_3,AA3_4,AA3_dist,AA5,AA5_1,AA6,AA7,AA7_dist,AA9,AA12,AA14,CBM,CBM1,CBM5,CBM12,CBM13,CBM18,CBM19,CBM20,CBM21,CBM35,CBM43,CBM48,CBM50,CBM67,CE,CE1,CE4,CE5,CE8,CE9,CE12,CE16,EXPN,GH162,GH,GH1,GH2,GH3,GH5,GH5_5,GH5_7,GH5_9,GH5_12,GH5_15,GH5_22,GH5_30,GH5_50,GH6,GH7,GH9,GH10,GH12,GH13,GH13_1,GH13_5,GH13_8,GH13_22,GH13_25,GH13_32,GH13_40,GH15,GH16,GH17,GH18,GH20,GH23,GH24,GH25,GH27,GH28,GH29,GH30,GH30_3,GH30_dist,GH31,GH32,GH33,GH35,GH37,GH38,GH43,GH45,GH47,GH51,GH53,GH55,GH63,GH65,GH71,GH72,GH74,GH75,GH76,GH78,GH79,GH81,GH85,GH88,GH89,GH92,GH93,GH95,GH115,GH125,GH128,GH131,GH133,GH152,GH154,GT,GT1,GT2,GT3,GT4,GT5,GT8,GT15,GT17,GT20,GT21,GT22,GT24,GT31,GT32,GT33,GT35,GT39,GT41,GT47,GT48,GT49,GT50,GT57,GT58,GT59,GT66,GT69,GT71,GT76,GT90,Myosin_motor,PL,PL1,PL1_4,PL1_7,PL4,PL8,PL8_4,PL14,PL14_3,PL14_4,PL14_5,PL35
Amamu1,O,O,45,19,18,1,,,,10,,5,5,,,4,4,5,3,,2,,2,33,,3,2,6,1,,1,2,,1,3,4,10,15,1,7,,,1,,6,8,,125,,4,4,13,,,6,3,1,1,1,1,,,1,,,6,,1,1,1,1,1,1,2,20,4,16,3,1,,3,2,,,1,1,,5,,,1,2,1,3,,7,,,1,1,,1,1,,,,,7,1,1,,1,5,,1,,1,1,,1,3,,71,6,13,1,4,1,4,9,1,3,1,5,1,1,1,1,1,3,,,2,1,1,2,1,1,2,1,,1,3,2,5,,,,,1,1,2,,,1,2
Cananz1,O,O,53,10,8,1,,,,21,,20,,,,9,9,,1,,8,,4,22,1,2,,10,,,1,1,,1,3,3,,12,,8,,1,1,1,1,5,,141,,1,16,17,,,7,3,2,3,,1,1,1,1,,,11,,1,1,1,1,5,2,2,20,3,5,1,1,,5,,4,1,1,1,,3,2,,1,5,1,,3,14,,,,1,,3,1,,1,,,6,,1,,,1,,,,1,2,2,1,1,,78,5,17,1,4,1,4,1,1,4,1,3,1,1,6,1,1,3,,5,2,1,1,2,3,1,1,3,2,1,1,4,7,,,,,1,1,4,1,1,1,2
Gaumor1,O,O,92,14,11,3,,32,,20,,19,1,,,20,20,1,1,1,2,,2,37,3,3,1,4,1,,1,1,1,1,3,18,,13,,7,,2,1,,3,34,,167,1,2,5,14,2,,4,2,1,2,1,1,2,3,5,2,1,11,5,1,1,1,1,,2,2,23,2,20,3,1,,,4,6,3,1,1,,4,,,1,4,1,1,2,10,1,,2,1,,1,1,1,,,2,7,,1,1,2,4,,2,,1,1,2,1,1,1,117,25,25,1,4,1,10,4,1,4,1,3,1,1,2,1,1,4,1,,5,5,1,2,1,1,1,1,3,1,6,3,12,,,,,8,7,3,,2,1,1
Gyrli1,O,O,32,12,10,1,,,,9,,4,4,,1,4,4,2,,,4,,1,26,1,8,1,2,1,,2,2,,1,3,5,,9,,3,,2,1,,3,6,,132,1,2,4,13,2,1,3,2,1,2,1,1,,,1,1,2,8,2,1,1,2,,1,1,2,21,2,12,5,1,,2,3,4,1,1,1,,4,,,2,2,1,1,1,6,1,,4,1,,2,1,,,,,4,,1,1,1,3,,1,1,1,2,2,1,1,1,61,3,13,1,4,1,3,4,,3,1,4,1,1,1,1,1,3,1,,2,1,1,2,1,1,1,1,,2,3,3,7,,,,,1,1,5,,3,1,1
Hebcy2,O,O,42,4,2,1,1,3,,17,,16,1,,,7,7,2,3,3,3,,3,34,2,3,,11,1,,4,1,,1,3,7,1,22,,10,3,2,1,1,5,10,,153,3,1,5,18,1,,7,2,2,2,2,2,,1,1,1,3,9,1,1,1,1,1,1,3,5,26,4,12,2,1,3,1,1,3,,3,3,,3,,1,1,2,1,2,1,8,,1,2,1,,3,1,,,,,8,,1,1,,2,,,,1,5,1,1,3,,72,12,13,1,4,1,4,5,1,3,1,4,1,1,1,1,1,3,,,4,1,1,2,1,1,1,1,,1,2,2,6,,,,,1,1,4,,2,1,1
Hydru2,O,O,48,15,,1,1,,,21,,21,,,,3,3,1,,,2,,6,38,1,3,,18,1,,1,2,,1,2,9,,16,,12,,,1,1,2,9,,118,,1,12,14,1,,8,2,1,,,2,,1,1,,,11,1,1,1,1,1,5,1,2,21,2,12,1,1,,,1,,1,2,1,,2,,,1,3,1,,1,5,1,,,1,,4,1,1,,,,4,,,1,,1,,1,,2,3,,1,1,,73,5,11,1,5,1,1,8,1,3,1,4,1,1,5,1,1,3,,,2,1,1,2,1,1,1,5,2,1,3,2,10,1,1,,1,2,1,4,,2,1,2
Hyssto1,O,O,77,21,16,1,,5,,40,,40,,,,6,6,1,1,1,1,1,1,29,,3,1,2,1,1,2,3,,2,3,11,,9,,6,,,2,,1,12,1,154,,2,7,13,,,4,5,2,,1,1,,,1,,2,8,2,1,1,1,1,1,1,2,22,2,14,2,2,2,3,4,5,,1,1,,4,1,,2,2,1,2,1,8,1,,2,1,,2,2,,,,,5,,1,2,13,3,,,,1,2,1,1,4,,86,15,12,1,4,1,4,5,,3,1,3,1,4,2,1,1,3,1,,7,,1,2,1,1,1,2,2,1,6,2,9,,,,,1,1,7,,6,1,1
Lacam2,O,O,53,9,7,2,,1,,24,,19,2,3,,11,11,2,,,2,,4,32,1,2,2,14,1,,1,2,,2,3,4,,16,,9,1,2,,,4,15,,172,,2,2,42,1,,12,20,2,,3,2,,,1,,2,8,2,1,1,1,1,,2,2,30,4,10,1,1,3,1,1,3,,3,2,1,5,,,1,2,2,,,10,,,4,1,,5,2,,,,,7,,1,1,,2,,1,,,8,1,1,1,1,85,5,15,1,4,1,4,6,1,9,1,5,1,1,1,1,2,5,,,3,,1,2,1,1,1,5,,1,7,2,7,,,,,1,1,5,,3,1,1
Lacbi2,O,O,8,,,,,,,2,,,2,,,,,2,,,,,4,1,1,,,,,,,,,,,,,18,,11,1,4,,,2,,,1,,,,1,1,,,,,,,,,,,,,,,,,,,,,,,,,,,,,,,,,,,,,,,,,,,,,,,,,,,,,,,,,,,,,,,,,,,,,,,,,,,,,,,,,,,,,,,,,,,,,,,,,,,,,,,,,,,,,,,,,
Paxin1,O,O,35,15,13,1,,,,7,,4,3,,,4,4,2,,,5,,2,24,,11,1,,1,,2,2,,1,4,2,,12,,3,,,4,,5,6,,161,3,1,4,21,1,4,3,3,2,3,1,1,,,3,1,,7,2,1,1,1,1,,1,4,22,3,16,6,,,6,2,3,5,2,2,,5,,,1,3,5,,,7,1,,5,1,,1,1,,,,,6,,1,1,1,4,,1,1,1,2,1,1,2,,70,3,13,1,5,1,3,5,,3,1,6,1,1,1,1,1,3,1,,3,1,2,2,1,1,1,1,,1,7,3,6,,,,,1,1,4,,2,1,1
Pilcr1,O,O,66,23,11,3,4,1,,27,2,23,2,,,5,5,2,6,1,1,,1,23,,2,1,6,2,,3,4,,1,2,2,,18,,9,,2,1,1,5,12,,167,1,3,11,15,1,,4,2,3,1,2,2,,1,1,,2,5,,1,1,,1,1,1,3,30,3,9,4,,,2,3,8,1,,,,3,1,,2,1,1,2,1,6,2,,4,1,1,1,1,,4,2,,11,,1,2,1,5,1,1,,1,4,1,1,1,2,76,11,14,1,5,,7,6,,3,1,4,1,1,1,1,1,3,1,,2,1,1,2,1,1,1,1,,1,4,3,7,,,,,,,5,,3,1,2
Pismi1,O,O,24,9,8,1,,,,4,,4,,,,4,4,1,,,4,,2,18,,3,1,2,1,,1,1,,2,3,4,,10,,7,,,1,,2,4,,92,,1,5,12,,,3,2,3,,3,1,,,1,,,6,2,,1,1,1,,1,2,15,3,7,1,,,2,2,1,1,1,1,,1,,,1,3,1,3,,4,,,2,1,,1,2,,,,,5,,1,,1,1,,1,,,1,,1,2,,77,3,15,1,7,1,2,2,,10,1,5,1,1,1,4,3,3,1,,2,,1,2,1,1,1,1,,2,5,3,4,,,,,,,3,,2,1,1
Pisti1,O,O,31,13,12,1,,,,5,,5,,,,4,4,2,,,4,,3,14,,2,1,2,1,,1,1,,1,1,4,,8,,6,,,1,,1,4,,99,,1,8,8,,,3,2,1,,1,1,,,1,,,7,2,,1,2,1,,1,2,17,4,6,2,,,1,5,1,1,1,1,,4,,,1,3,1,3,,4,,,2,1,,1,1,,,,,4,,1,,1,1,,1,,,1,,1,3,,73,3,21,2,4,1,3,3,,3,1,4,1,1,1,1,1,4,1,,2,,1,3,1,1,1,2,,1,6,2,3,,,,,,,2,,1,1,1
Rhisa1,O,O,48,17,14,1,,,,19,,3,16,,,3,3,2,,,4,,3,28,,2,1,9,1,,2,2,,1,4,6,,9,,3,,2,1,,3,14,,148,3,2,5,19,2,1,5,2,3,2,2,1,,,1,,1,8,2,1,1,1,1,,2,2,17,2,16,5,,,3,2,5,1,2,2,,9,,,1,2,2,1,1,12,1,,1,1,,1,2,,,1,,4,,1,,2,3,,1,,1,2,3,1,1,,106,3,28,1,11,1,3,2,,3,1,4,1,1,1,1,2,15,1,,3,1,1,2,1,1,1,4,,1,12,4,4,,,,,1,1,2,,1,1,1
Rhitru1,O,O,37,17,15,1,,,,9,,2,7,,,3,3,2,,,4,,2,28,,5,1,5,1,,2,2,,1,3,8,,7,,3,,1,1,,2,11,,112,,1,4,16,2,,4,2,4,1,2,1,,,1,,1,6,1,1,1,1,1,,1,2,18,2,11,3,,,1,2,3,,1,1,,3,,,1,2,1,6,1,4,2,,1,1,,1,1,,,,,1,,,,2,1,,1,,1,3,1,1,5,,81,3,21,1,11,1,2,2,,6,1,4,1,1,1,1,1,3,1,,2,,1,2,1,1,1,3,,2,7,5,5,,,,,2,2,2,,1,1,1
Rhives1,O,O,58,27,25,1,,,,21,,5,16,,,4,4,2,,,3,,1,33,,4,1,12,1,,1,2,,1,3,8,,10,,4,,3,1,,2,17,,137,2,2,5,16,2,,5,3,1,1,2,1,,,1,,1,6,1,1,1,1,1,,1,2,19,2,15,11,,,2,2,3,2,2,2,,8,,,1,2,1,,1,4,3,,1,1,,1,1,,,3,,4,,1,,2,3,,1,,1,2,1,1,1,,83,3,21,1,9,3,3,2,,4,1,4,1,1,1,1,2,3,1,,2,3,1,4,1,1,1,3,,1,5,3,4,,,,,1,1,2,,1,1,1
Rhivi1,O,O,57,25,23,1,,,,22,,5,17,,,4,4,2,,,3,,1,32,,4,1,11,1,,1,2,,1,3,8,,14,,4,,2,1,,7,15,,126,2,2,5,17,2,1,5,2,2,1,2,1,,,1,,1,6,1,1,1,1,1,,1,2,18,2,14,5,,,3,2,3,2,2,2,,7,,,1,2,1,,1,4,3,,1,1,,1,1,,,2,,3,,1,,,3,,1,,1,2,1,1,1,,79,3,15,1,5,1,3,2,,3,1,4,1,1,1,1,2,3,1,,2,1,1,3,1,1,1,3,,1,17,3,4,,,,,1,1,2,,1,1,1
Rhivul1,O,O,41,17,15,1,,,,8,,5,3,,,7,7,3,,,6,,,28,,6,1,5,1,,1,2,,1,3,8,,10,,3,,3,1,,3,16,,126,,2,5,18,2,,5,2,4,1,2,1,,,1,,1,8,2,2,1,1,1,,1,2,17,2,13,4,,,4,6,4,1,2,2,,3,,,1,2,1,,1,6,1,,1,1,,1,1,,,1,,4,,1,,1,3,,2,,1,1,,1,2,,70,3,17,1,4,2,4,2,,3,1,4,1,1,1,1,1,4,1,,2,,1,1,1,1,1,3,,1,8,2,4,,,,,1,1,2,,1,1,1
Rusbre1,O,O,44,15,12,2,,2,,11,,7,4,,,10,9,1,,,1,,4,52,,,1,2,2,,4,6,,3,3,31,,6,,4,,,1,,1,8,,120,,1,10,12,,,6,3,1,,2,,,,1,,,9,2,1,1,1,1,3,,9,21,5,8,1,1,,,2,,,,,,3,,,1,4,1,,4,12,,,,1,,1,3,,,,,3,,1,1,,1,,,,,1,1,1,1,,60,6,11,1,4,1,5,3,,2,1,3,1,3,1,1,1,5,,,2,1,1,2,,1,1,1,,1,1,2,5,,,,,1,1,3,,1,1,1
Ruscom1,O,O,33,9,7,1,,1,,11,,10,1,,,8,8,1,,,2,,1,21,,,1,,,,3,4,,1,2,10,,7,,5,,,1,,1,4,,89,,1,4,12,,,6,3,2,,1,,,,1,,,10,3,2,1,1,1,2,,5,15,3,6,1,1,,1,1,,,,,,3,,,1,2,1,,3,4,,,,1,,3,1,,,,,2,,1,1,,1,,,,,1,1,1,1,,61,5,16,1,4,1,5,2,,2,1,4,1,1,1,1,1,3,,,2,1,1,2,1,1,1,1,,1,1,2,4,,,,,,,3,,,1,1
Sclci1,O,O,37,11,10,1,,,,8,,7,1,,,8,8,3,,,3,,4,14,,1,1,3,1,,1,,,2,1,4,,11,,6,,,1,,4,6,,107,4,1,3,11,,,4,2,2,,2,1,,,1,,1,6,1,2,,1,1,,1,3,16,4,8,2,,,3,3,3,1,1,1,,1,,,1,2,2,,,6,,,2,1,,1,2,,,,,4,,1,6,,3,,1,,,1,,,2,,72,3,21,1,5,1,3,2,,3,1,4,2,1,1,1,,5,1,,3,,1,2,1,1,1,1,,1,6,4,4,,,,,,,3,,1,1,1
Suiame1,S,W,60,22,19,2,,,,24,,4,20,,,5,5,3,,,4,,2,33,,7,1,10,1,,1,1,,1,3,8,,10,,3,,2,1,,4,18,,150,1,2,11,26,2,1,7,2,7,2,4,1,,,1,,2,7,2,1,1,1,1,,1,2,20,3,16,2,2,,1,2,4,3,1,1,,4,,,2,3,1,1,1,4,2,,4,1,,2,1,,,1,,5,,1,,,3,,1,,1,3,1,1,1,,65,3,14,1,4,1,3,3,,4,1,5,1,1,1,1,1,3,1,,2,2,1,2,1,1,1,3,,1,3,3,6,,,,,2,2,3,,1,1,1
Suiamp1,S,L,48,15,13,1,,,,23,,9,12,,2,4,4,2,,,2,,2,31,,8,1,3,1,,1,2,,1,3,11,,9,,3,,3,1,,2,15,,142,1,2,9,17,1,1,4,2,2,1,5,,,,1,,2,7,2,1,1,1,1,,1,2,19,2,23,1,1,,2,2,3,1,1,1,,5,,,1,3,1,,1,4,1,,3,1,,2,1,,,2,,5,,1,,2,3,,1,,1,4,1,1,2,,74,3,13,1,7,1,3,3,,3,1,4,1,1,1,1,2,5,1,,6,1,1,4,1,1,1,4,,1,3,3,6,,,,,2,2,3,,1,1,1
Suibov1,S,R,45,16,14,1,,,,18,,4,14,,,4,4,3,,,2,,2,33,,5,1,5,1,,1,2,,1,3,14,,9,,3,,2,1,,3,15,,127,1,2,6,16,2,,5,2,2,1,2,1,,,1,,2,12,2,1,1,3,1,,4,2,21,2,13,3,1,,,1,3,1,,,,2,,,1,2,1,1,1,4,1,,2,1,,2,3,,,,,5,,1,,,5,,1,,1,3,1,1,1,,72,3,15,1,5,3,3,6,,4,1,4,1,1,1,1,2,3,,,2,3,1,2,1,1,1,3,,1,3,3,6,,,,,2,2,3,,1,1,1
Suibr2,S,R,64,22,17,1,3,,,32,,10,13,,6,4,4,2,,,2,,2,25,,7,1,3,1,,1,2,,1,3,6,,10,,3,,2,1,,4,17,,157,10,3,10,23,2,2,6,3,3,1,4,1,,,1,,2,9,3,1,1,1,1,,2,2,22,2,14,3,1,,2,3,3,1,1,1,,4,,,1,3,4,1,1,4,1,,3,1,,2,1,,,1,,5,,1,,1,3,,1,,1,3,1,1,1,,79,4,17,1,5,2,3,4,,3,1,4,1,1,1,1,3,4,2,,5,1,2,2,1,1,2,3,,1,4,3,6,,,,,2,2,3,,1,1,1
Suicli1,S,L,57,26,24,1,,,,21,,7,13,,1,4,4,2,,,2,,2,30,,9,2,5,1,,1,2,,1,3,6,,9,,3,,2,1,,3,18,,143,1,2,12,15,2,1,4,2,1,1,2,1,,,1,,2,7,2,1,1,1,1,,1,2,22,2,17,3,1,,2,2,3,1,1,1,,5,,,1,2,1,,1,4,1,,4,1,,2,1,,,1,,4,,1,,2,6,,1,,1,3,1,1,3,,74,3,17,1,4,2,3,3,,7,2,4,1,1,1,3,1,3,1,,2,1,1,2,1,1,1,4,,1,3,3,7,,,,,2,2,4,2,1,1,1
Suicot1,S,R,63,27,23,2,,,,21,,3,17,,1,6,6,3,,,4,,2,28,,7,,8,1,,1,2,,1,3,5,,14,,5,,3,1,,5,14,,163,3,2,7,30,2,1,5,5,7,4,5,1,,,1,,3,7,2,1,1,1,1,,1,2,19,2,17,3,1,,1,2,5,1,1,1,,9,,,3,2,3,1,1,4,1,,3,1,,2,1,,,1,,10,,2,,,3,,1,,1,3,1,1,2,,78,3,15,1,6,1,2,3,,4,1,4,2,1,1,3,1,6,,,4,1,1,3,1,1,2,5,,1,5,3,7,,,,,2,2,4,,2,1,1
Suidec1,S,R,55,24,22,1,,,,19,,4,15,,,5,5,2,,,3,,2,40,,9,1,10,1,,1,2,,1,3,12,,13,,7,,1,1,,4,20,,154,1,2,7,30,3,3,5,3,6,2,6,1,,,1,,2,12,2,1,1,1,1,,6,2,21,2,18,3,1,,,2,4,2,1,1,,4,,,3,2,2,1,1,4,2,,2,1,,2,1,,,,,5,,1,,,3,,1,,1,4,1,1,1,,73,3,18,1,5,1,2,2,,3,1,5,1,1,1,2,1,3,1,,2,1,1,2,1,1,1,4,,1,8,3,6,,,,,2,1,3,,1,1,1
Suidis1,S,W,56,23,21,1,,,,22,,5,16,,1,3,3,3,,,3,,2,31,,5,1,7,1,,1,2,,1,3,10,,11,,3,,3,1,,4,16,,151,2,2,8,19,4,,5,4,3,1,1,1,,,1,,2,11,1,1,1,4,1,,2,2,25,2,13,9,1,,1,2,6,2,2,2,,3,,,1,3,1,1,1,4,1,,4,1,,2,1,,,,,5,,1,,,3,,1,,1,3,1,1,2,,76,3,14,1,5,3,3,7,,3,1,4,1,1,1,1,2,3,1,,4,1,1,2,1,1,1,5,,1,5,2,6,,,,,2,2,3,1,1,1,1
Suifus1,S,R,67,29,27,1,,,,26,,6,19,,1,6,6,3,,,1,,2,33,,4,1,13,1,,1,2,,1,3,7,,11,,3,,2,1,,5,16,,150,5,2,11,17,3,,6,2,3,1,1,1,,,1,,2,10,1,1,1,2,2,,3,2,23,2,13,6,1,,,2,9,2,,,,4,,,1,2,1,2,1,4,1,,3,1,,2,1,,,,,7,,1,,,3,,1,,1,3,1,1,1,,72,3,14,1,6,1,3,4,,3,1,7,1,1,1,1,1,4,1,,2,2,1,3,1,1,1,4,,1,3,3,7,,,,,2,2,4,,1,2,1
Suigr1,S,G,41,19,17,1,,,,12,,4,7,,1,4,4,2,,,2,,2,25,,6,2,3,1,,1,2,,1,3,6,,10,,3,,2,1,,4,14,,133,3,2,9,20,2,,7,2,4,1,2,1,,,1,,2,8,3,1,1,1,1,,1,2,19,2,13,2,1,,2,2,2,1,1,1,,3,,,1,2,1,1,1,4,1,,3,1,,3,1,,,1,,4,,2,,1,3,,1,,1,3,1,1,1,,68,3,15,1,4,1,3,3,,3,1,4,1,1,1,2,2,3,1,,4,1,1,2,1,1,1,4,,1,3,3,6,,,,,2,2,3,,1,1,1
Suihi1,S,R,62,25,22,1,,,,24,,3,20,,1,5,5,3,,,2,,3,29,,4,1,6,1,,1,2,,1,3,10,,9,,3,,2,1,,3,15,,143,2,2,8,19,3,,5,3,3,1,3,1,,,1,,2,12,1,1,1,6,1,,2,2,22,2,14,6,1,,1,2,5,2,,,,5,,,1,2,1,1,1,4,1,,4,1,,2,1,,,,,5,,1,,,3,,1,,1,3,1,1,,,73,3,17,1,4,5,4,3,,3,1,4,1,1,1,1,1,3,1,,2,3,1,2,2,1,1,3,,1,3,3,8,,,,,2,2,5,,1,3,1
Suilak1,S,P,61,31,29,1,,,,19,,2,16,,1,4,4,3,,,2,,2,33,,7,1,6,1,,1,2,,1,3,11,,12,,3,,2,1,,6,19,,172,3,2,11,19,2,2,7,2,1,1,2,1,,,1,,2,16,3,1,1,1,8,,2,2,22,2,17,6,1,,1,2,6,1,2,2,,10,,,1,2,1,1,1,5,2,,4,1,,2,1,,,1,,5,,2,,2,3,,1,,1,3,1,2,4,,96,3,16,1,6,1,3,5,,25,4,4,1,1,1,1,3,4,1,,2,1,1,2,1,1,1,3,,1,3,3,6,,,,,2,2,3,,1,1,1
Suilu4,S,R,46,20,18,1,,,,16,,5,10,,1,4,4,2,,,2,,2,27,,7,1,3,1,,1,2,,1,3,8,,9,,3,,2,1,,3,17,,138,1,4,10,18,2,1,5,2,3,1,2,1,,,1,,2,9,2,1,1,3,1,,1,2,21,2,13,2,1,,2,2,3,1,1,1,,3,,,1,2,5,1,1,4,1,,2,1,,2,1,,,1,,5,,1,,1,3,,1,,1,3,1,1,1,,80,3,24,1,5,3,3,3,,3,1,4,1,1,1,1,1,3,1,,5,1,1,2,1,1,3,3,,1,3,3,6,,,,,2,2,3,,1,1,1
Suiocc1,S,R,47,20,18,1,,,,19,,7,11,,1,4,4,1,,,2,,1,27,,6,1,5,1,,1,2,,1,3,7,,11,,3,,2,1,,5,16,,144,5,3,8,18,2,1,5,2,3,,4,1,,,1,,2,8,2,1,1,1,1,,2,2,23,2,12,2,1,,3,2,3,1,1,1,,3,,,1,4,4,1,1,5,1,,2,1,,2,1,,,1,,6,,1,,1,3,,1,,1,3,1,1,2,,85,3,20,1,5,1,4,5,,3,1,4,1,1,,1,1,3,1,,7,2,2,2,1,1,6,3,,2,4,3,7,,,,,3,3,3,,1,1,1
Suipal1,S,L,48,21,19,1,,,,16,,3,12,,1,4,4,3,,,2,,2,49,,11,1,5,1,,1,2,,1,3,24,,10,,3,,3,1,,3,17,,149,1,2,9,20,1,1,5,5,2,1,3,1,,,1,,4,7,2,1,1,1,1,,1,3,16,4,19,3,1,,2,2,3,1,2,2,,5,,,1,2,1,,1,4,1,,2,1,,2,1,,,1,,8,,1,,2,3,,1,,1,4,1,1,5,,79,3,16,2,4,1,3,3,,3,1,3,1,1,1,1,3,3,1,,4,1,1,4,1,1,2,6,,1,8,3,7,,,,,2,2,4,,,1,1
Suipic1,S,W,48,17,15,1,,,,19,,4,14,,,4,4,2,,,4,,2,43,,9,1,17,1,,2,2,,1,3,7,,12,,4,,3,1,,4,23,,169,1,3,8,24,4,2,5,2,5,2,3,1,,,1,,4,14,2,1,1,1,2,,7,3,24,2,28,2,2,,,2,3,1,1,1,,4,,,2,2,1,1,1,6,1,,3,2,,2,1,,,,,6,,1,,,3,,1,,1,4,1,2,1,,74,3,14,,5,1,3,2,,3,1,4,1,1,1,2,2,3,1,,2,2,1,2,1,1,4,6,,1,7,3,7,,,,,2,2,4,1,1,1,1
Suipla1,S,W,48,25,23,1,,,,13,,3,9,,1,4,4,2,,,2,,2,26,,7,1,4,1,,1,2,,1,3,6,,10,,3,,2,1,,4,15,,128,2,2,8,17,2,,6,2,2,1,2,1,,,1,,2,12,4,1,1,1,4,,1,2,18,2,13,2,1,,2,2,2,1,1,1,,3,,,1,2,1,1,1,5,1,,2,1,,3,1,,,,,4,,1,,1,3,,1,,1,3,1,1,,,72,3,15,,7,1,2,3,,5,2,4,1,1,1,2,3,3,2,,3,1,1,2,1,1,1,3,,1,3,3,7,,,,,2,2,4,2,1,1,1
Suiplo1,S,W,63,24,22,1,,1,1,25,,5,19,,1,5,5,3,,,2,,3,30,,5,1,6,1,,1,2,,1,3,10,,9,,3,,2,1,,3,15,,156,2,2,7,19,3,,5,3,3,1,3,1,,,1,,2,10,1,1,1,4,1,,2,2,25,2,13,14,1,,1,2,6,2,,,,4,,,1,2,1,1,1,4,1,,4,1,,2,1,,,,,10,,1,,,3,,1,,1,3,1,1,1,,75,3,14,1,5,5,4,7,,3,1,4,1,1,1,1,1,3,1,,4,1,1,2,1,1,1,4,,1,3,3,6,,,,,2,2,3,,1,1,1
Suisu1,S,R,61,24,21,2,,,,23,,5,17,,1,6,6,3,,,3,,2,27,,5,1,6,,,1,2,,1,3,8,,10,,3,,3,1,,3,20,,151,4,3,6,27,2,1,7,2,4,2,7,1,,,1,,2,6,1,1,1,1,1,,1,2,21,2,14,2,1,,2,2,4,2,1,1,,4,,,2,2,1,1,1,4,3,,3,1,,2,1,,,1,,9,,1,,,3,,1,,1,3,1,1,3,,71,3,14,1,5,1,3,3,,5,1,5,1,1,1,1,1,3,1,,2,4,1,2,2,1,1,4,,1,3,3,6,,,,,2,2,3,1,1,1,1
Suisub1,S,G,50,24,21,2,,,,15,,2,12,,1,4,4,3,,,2,,2,31,,6,1,8,1,,1,2,,1,3,8,,10,,3,,2,1,,4,17,,141,1,2,7,27,2,1,8,2,4,3,4,1,,,2,,2,7,2,1,1,1,1,,1,2,18,2,14,2,1,,1,2,3,1,1,1,,3,,,2,2,1,1,1,4,3,,3,1,,2,1,,,1,,6,,1,,,3,,1,,1,5,2,1,1,,69,3,15,1,5,2,3,3,,4,1,5,1,1,1,1,1,3,1,,2,2,2,2,1,1,1,3,,1,3,3,7,,,,,2,2,4,1,1,1,1
Suisubl1,S,W,75,31,28,2,,,,26,,5,19,,2,6,6,6,,,3,,3,33,,5,1,11,1,,1,2,,1,3,8,,9,,3,,2,1,,3,19,,168,2,3,8,32,2,1,6,2,8,3,8,1,,,1,,2,7,1,2,1,1,1,,1,2,22,2,14,3,1,,2,2,4,2,1,1,,4,,,3,2,1,1,1,7,6,,4,1,,3,1,,,1,,6,,1,,,5,,1,,1,3,1,1,4,,85,3,24,1,4,1,3,3,,5,1,5,1,1,1,1,1,3,2,,3,4,2,5,1,1,1,4,,1,3,4,6,,,,,2,2,3,,1,1,1
Suitom1,S,R,60,21,19,1,,,,26,,4,21,,1,6,6,3,,,2,,2,27,,3,1,6,1,,2,2,,1,3,8,,12,,5,,2,2,,3,15,,157,4,2,6,19,3,,6,3,3,1,2,1,,,1,,2,17,1,3,1,8,1,,3,3,24,2,13,5,1,,1,2,7,2,,,,6,,,2,2,1,1,1,4,2,,4,1,,2,1,,,,,7,,1,,,3,,1,,1,3,2,1,,,74,3,16,1,5,3,2,5,,5,1,4,1,1,1,1,3,4,1,,3,1,1,2,1,1,1,3,,1,3,3,8,,,,,2,2,5,,1,3,1
Suivar1,S,R,66,28,26,1,,,,24,,3,20,,1,6,6,3,,,3,,2,33,,6,1,10,1,,1,2,,1,3,8,,9,,3,,2,1,,3,16,,152,1,2,6,21,3,,5,3,3,1,5,1,,,1,,3,11,1,1,1,3,1,,4,2,23,2,15,6,1,,1,2,6,2,1,1,,5,,,1,2,1,1,1,4,2,,6,1,,2,1,,,,,6,,1,,,4,,1,,1,3,1,1,1,,77,3,17,1,7,4,3,3,,4,1,4,1,1,1,1,3,4,1,,3,2,1,2,1,1,1,3,,1,3,3,6,,,,,2,2,3,,1,1,1
Thega1,O,O,17,2,,1,,,,3,,2,,1,,3,3,2,,,4,,3,24,,4,1,7,1,,1,2,,1,3,4,,6,,3,,,1,1,1,5,,120,1,1,4,14,,,8,2,1,1,,2,2,,1,,,13,3,1,1,4,1,2,1,2,21,4,9,1,1,,1,1,1,,1,1,,3,,,,2,1,,1,5,,,4,1,,3,1,,,4,,7,,1,1,,,,,,1,2,1,2,2,,71,9,12,1,4,6,7,4,,3,1,3,1,1,2,1,1,3,,,2,1,1,2,1,1,1,1,,1,1,1,6,,,,,1,1,4,,3,1,1
Theter1,O,O,18,2,,2,,,,3,,3,,,,5,5,2,,,3,,3,23,1,2,2,4,1,,2,3,,1,3,4,,6,,3,,,1,1,1,7,,116,1,1,4,14,,,8,2,1,1,,2,,,1,,,10,3,1,1,3,1,1,,3,17,4,6,1,1,,4,3,3,,1,1,,4,,,,11,1,,1,6,,,2,1,,3,1,,,1,,3,,1,,,,,,,1,1,1,1,3,,86,17,14,1,6,4,8,4,,3,1,3,1,1,2,1,1,3,,,4,1,1,3,1,1,1,2,,1,1,2,5,1,,1,,,,3,,2,1,1